,Unnamed: 0,Star_name,Distance,Mass,Radius,Gravity
0,0,Sun,1.5813e-05,1.0,1.0,274.2691614595739
90,90,VB 10,18.72,75.0,10.0,205.70187109468048
92,92,TRAPPIST-1,39.6,89.0,12.0,169.51357895765335
